{
    "hnsw_1000_64": 0.17334914207458496,
    "hnsw_5000_64": 0.9952671527862549,
    "hnsw_10000_64": 2.205915927886963,
    "hnsw_30000_64": 8.500265121459961,
    "hnsw_50000_64": 15.358036994934082,
    "hnsw_1000_128": 0.15865087509155273,
    "hnsw_5000_128": 1.143496036529541,
    "hnsw_10000_128": 2.787905216217041,
    "hnsw_30000_128": 10.285342931747437,
    "hnsw_50000_128": 19.065489053726196,
    "hnsw_1000_256": 0.28519487380981445,
    "hnsw_5000_256": 1.7386350631713867,
    "hnsw_10000_256": 3.881563186645508,
    "hnsw_30000_256": 14.519834280014038,
    "hnsw_50000_256": 30.707961082458496,
    "hnsw_1000_512": 0.22729086875915527,
    "hnsw_5000_512": 2.0720531940460205,
    "hnsw_10000_512": 5.667517900466919,
    "hnsw_30000_512": 24.770444869995117,
    "hnsw_50000_512": 47.48092222213745,
    "hnsw_1000_768": 0.26741504669189453,
    "hnsw_5000_768": 2.782287120819092,
    "hnsw_10000_768": 8.223654985427856,
    "hnsw_30000_768": 34.02685213088989,
    "hnsw_50000_768": 62.598828077316284
}