{
    "brute-force_1000": 0.11041522026062012,
    "brute-force_5000": 0.49292993545532227,
    "brute-force_10000": 0.9876019954681396,
    "brute-force_30000": 2.972456932067871,
    "brute-force_50000": 5.159811019897461,
    "hnsw_1000": 0.31746912002563477,
    "hnsw_5000": 2.4441590309143066,
    "hnsw_10000": 5.415998935699463,
    "hnsw_30000": 23.71276593208313,
    "hnsw_50000": 40.65205001831055,
    "ivf_1000": 0.12559103965759277,
    "ivf_5000": 0.52445387840271,
    "ivf_10000": 1.033808946609497,
    "ivf_30000": 3.1935007572174072,
    "ivf_50000": 5.121241092681885,
    "lsh_1000": 0.11469411849975586,
    "lsh_5000": 0.49449801445007324,
    "lsh_10000": 0.9924588203430176,
    "lsh_30000": 2.996630907058716,
    "lsh_50000": 5.011162042617798,
    "pq_1000": 0.18796277046203613,
    "pq_5000": 0.7905757427215576,
    "pq_10000": 1.577699899673462,
    "pq_30000": 4.690036058425903,
    "pq_50000": 8.076910972595215
}