{
    "index:ivf_quantization:none_corpus-size:1000_k:1_n-queries:5": 0.0007219314575195312,
    "index:ivf_quantization:none_corpus-size:1000_k:50_n-queries:5": 0.00011682510375976562,
    "index:ivf_quantization:none_corpus-size:1000_k:100_n-queries:5": 0.0001289844512939453,
    "index:ivf_quantization:none_corpus-size:1000_k:200_n-queries:5": 0.00015211105346679688,
    "index:ivf_quantization:none_corpus-size:1000_k:500_n-queries:5": 0.0002071857452392578,
    "index:ivf_quantization:none_corpus-size:1000_k:1000_n-queries:5": 0.0002841949462890625,
    "index:ivf_quantization:none_corpus-size:5000_k:1_n-queries:5": 0.0002589225769042969,
    "index:ivf_quantization:none_corpus-size:5000_k:50_n-queries:5": 0.0002880096435546875,
    "index:ivf_quantization:none_corpus-size:5000_k:100_n-queries:5": 0.0003299713134765625,
    "index:ivf_quantization:none_corpus-size:5000_k:200_n-queries:5": 0.0003981590270996094,
    "index:ivf_quantization:none_corpus-size:5000_k:500_n-queries:5": 0.0005109310150146484,
    "index:ivf_quantization:none_corpus-size:5000_k:1000_n-queries:5": 0.0006558895111083984,
    "index:ivf_quantization:none_corpus-size:10000_k:1_n-queries:5": 0.00047588348388671875,
    "index:ivf_quantization:none_corpus-size:10000_k:50_n-queries:5": 0.0004508495330810547,
    "index:ivf_quantization:none_corpus-size:10000_k:100_n-queries:5": 0.00048613548278808594,
    "index:ivf_quantization:none_corpus-size:10000_k:200_n-queries:5": 0.0005638599395751953,
    "index:ivf_quantization:none_corpus-size:10000_k:500_n-queries:5": 0.0007569789886474609,
    "index:ivf_quantization:none_corpus-size:10000_k:1000_n-queries:5": 0.000949859619140625,
    "index:ivf_quantization:none_corpus-size:30000_k:1_n-queries:5": 0.0017027854919433594,
    "index:ivf_quantization:none_corpus-size:30000_k:50_n-queries:5": 0.0008351802825927734,
    "index:ivf_quantization:none_corpus-size:30000_k:100_n-queries:5": 0.0008778572082519531,
    "index:ivf_quantization:none_corpus-size:30000_k:200_n-queries:5": 0.0009751319885253906,
    "index:ivf_quantization:none_corpus-size:30000_k:500_n-queries:5": 0.0012087821960449219,
    "index:ivf_quantization:none_corpus-size:30000_k:1000_n-queries:5": 0.0015668869018554688,
    "index:ivf_quantization:none_corpus-size:50000_k:1_n-queries:5": 0.00304412841796875,
    "index:ivf_quantization:none_corpus-size:50000_k:50_n-queries:5": 0.0013687610626220703,
    "index:ivf_quantization:none_corpus-size:50000_k:100_n-queries:5": 0.0014379024505615234,
    "index:ivf_quantization:none_corpus-size:50000_k:200_n-queries:5": 0.0015528202056884766,
    "index:ivf_quantization:none_corpus-size:50000_k:500_n-queries:5": 0.001878976821899414,
    "index:ivf_quantization:none_corpus-size:50000_k:1000_n-queries:5": 0.002249002456665039,
    "index:ivf_quantization:pq_corpus-size:1000_k:1_n-queries:5": 0.0008029937744140625,
    "index:ivf_quantization:pq_corpus-size:1000_k:50_n-queries:5": 0.00011706352233886719,
    "index:ivf_quantization:pq_corpus-size:1000_k:100_n-queries:5": 0.00014209747314453125,
    "index:ivf_quantization:pq_corpus-size:1000_k:200_n-queries:5": 0.00016689300537109375,
    "index:ivf_quantization:pq_corpus-size:1000_k:500_n-queries:5": 0.0002429485321044922,
    "index:ivf_quantization:pq_corpus-size:1000_k:1000_n-queries:5": 0.00034117698669433594,
    "index:ivf_quantization:pq_corpus-size:5000_k:1_n-queries:5": 0.00012993812561035156,
    "index:ivf_quantization:pq_corpus-size:5000_k:50_n-queries:5": 0.0001342296600341797,
    "index:ivf_quantization:pq_corpus-size:5000_k:100_n-queries:5": 0.00016689300537109375,
    "index:ivf_quantization:pq_corpus-size:5000_k:200_n-queries:5": 0.00023889541625976562,
    "index:ivf_quantization:pq_corpus-size:5000_k:500_n-queries:5": 0.0004069805145263672,
    "index:ivf_quantization:pq_corpus-size:5000_k:1000_n-queries:5": 0.0006110668182373047,
    "index:ivf_quantization:pq_corpus-size:10000_k:1_n-queries:5": 0.00014090538024902344,
    "index:ivf_quantization:pq_corpus-size:10000_k:50_n-queries:5": 0.00015592575073242188,
    "index:ivf_quantization:pq_corpus-size:10000_k:100_n-queries:5": 0.00019788742065429688,
    "index:ivf_quantization:pq_corpus-size:10000_k:200_n-queries:5": 0.0002758502960205078,
    "index:ivf_quantization:pq_corpus-size:10000_k:500_n-queries:5": 0.0005021095275878906,
    "index:ivf_quantization:pq_corpus-size:10000_k:1000_n-queries:5": 0.000759124755859375,
    "index:ivf_quantization:pq_corpus-size:30000_k:1_n-queries:5": 0.00018215179443359375,
    "index:ivf_quantization:pq_corpus-size:30000_k:50_n-queries:5": 0.00018787384033203125,
    "index:ivf_quantization:pq_corpus-size:30000_k:100_n-queries:5": 0.00023698806762695312,
    "index:ivf_quantization:pq_corpus-size:30000_k:200_n-queries:5": 0.0003330707550048828,
    "index:ivf_quantization:pq_corpus-size:30000_k:500_n-queries:5": 0.0005991458892822266,
    "index:ivf_quantization:pq_corpus-size:30000_k:1000_n-queries:5": 0.0009641647338867188,
    "index:ivf_quantization:pq_corpus-size:50000_k:1_n-queries:5": 0.00024390220642089844,
    "index:ivf_quantization:pq_corpus-size:50000_k:50_n-queries:5": 0.00025081634521484375,
    "index:ivf_quantization:pq_corpus-size:50000_k:100_n-queries:5": 0.00031113624572753906,
    "index:ivf_quantization:pq_corpus-size:50000_k:200_n-queries:5": 0.0004200935363769531,
    "index:ivf_quantization:pq_corpus-size:50000_k:500_n-queries:5": 0.0007309913635253906,
    "index:ivf_quantization:pq_corpus-size:50000_k:1000_n-queries:5": 0.001219034194946289,
    "index:ivf_quantization:sq_corpus-size:1000_k:1_n-queries:5": 0.0008699893951416016,
    "index:ivf_quantization:sq_corpus-size:1000_k:50_n-queries:5": 0.0006909370422363281,
    "index:ivf_quantization:sq_corpus-size:1000_k:100_n-queries:5": 0.0007069110870361328,
    "index:ivf_quantization:sq_corpus-size:1000_k:200_n-queries:5": 0.0006740093231201172,
    "index:ivf_quantization:sq_corpus-size:1000_k:500_n-queries:5": 0.0007159709930419922,
    "index:ivf_quantization:sq_corpus-size:1000_k:1000_n-queries:5": 0.0007898807525634766,
    "index:ivf_quantization:sq_corpus-size:5000_k:1_n-queries:5": 0.002167940139770508,
    "index:ivf_quantization:sq_corpus-size:5000_k:50_n-queries:5": 0.0022249221801757812,
    "index:ivf_quantization:sq_corpus-size:5000_k:100_n-queries:5": 0.002309083938598633,
    "index:ivf_quantization:sq_corpus-size:5000_k:200_n-queries:5": 0.002385854721069336,
    "index:ivf_quantization:sq_corpus-size:5000_k:500_n-queries:5": 0.0025031566619873047,
    "index:ivf_quantization:sq_corpus-size:5000_k:1000_n-queries:5": 0.0026650428771972656,
    "index:ivf_quantization:sq_corpus-size:10000_k:1_n-queries:5": 0.003793954849243164,
    "index:ivf_quantization:sq_corpus-size:10000_k:50_n-queries:5": 0.0038678646087646484,
    "index:ivf_quantization:sq_corpus-size:10000_k:100_n-queries:5": 0.003936052322387695,
    "index:ivf_quantization:sq_corpus-size:10000_k:200_n-queries:5": 0.004088163375854492,
    "index:ivf_quantization:sq_corpus-size:10000_k:500_n-queries:5": 0.004333019256591797,
    "index:ivf_quantization:sq_corpus-size:10000_k:1000_n-queries:5": 0.004469871520996094,
    "index:ivf_quantization:sq_corpus-size:30000_k:1_n-queries:5": 0.007187843322753906,
    "index:ivf_quantization:sq_corpus-size:30000_k:50_n-queries:5": 0.007269859313964844,
    "index:ivf_quantization:sq_corpus-size:30000_k:100_n-queries:5": 0.0073583126068115234,
    "index:ivf_quantization:sq_corpus-size:30000_k:200_n-queries:5": 0.007554054260253906,
    "index:ivf_quantization:sq_corpus-size:30000_k:500_n-queries:5": 0.007956981658935547,
    "index:ivf_quantization:sq_corpus-size:30000_k:1000_n-queries:5": 0.008303165435791016,
    "index:ivf_quantization:sq_corpus-size:50000_k:1_n-queries:5": 0.012984037399291992,