{
    "index:brute-force_corpus-size:50000_k:1_n-queries:5_dimension:384": 0.011696815490722656,
    "index:brute-force_corpus-size:50000_k:50_n-queries:5_dimension:384": 0.007993936538696289,
    "index:brute-force_corpus-size:50000_k:100_n-queries:5_dimension:384": 0.00840306282043457,
    "index:brute-force_corpus-size:50000_k:200_n-queries:5_dimension:384": 0.008154869079589844,
    "index:brute-force_corpus-size:50000_k:500_n-queries:5_dimension:384": 0.008682012557983398,
    "index:brute-force_corpus-size:50000_k:1000_n-queries:5_dimension:384": 0.009351015090942383,
    "index:hnsw_corpus-size:50000_k:1_n-queries:5_dimension:384": 0.0032799243927001953,
    "index:hnsw_corpus-size:50000_k:50_n-queries:5_dimension:384": 0.0011620521545410156,
    "index:hnsw_corpus-size:50000_k:100_n-queries:5_dimension:384": 0.001161813735961914,
    "index:hnsw_corpus-size:50000_k:200_n-queries:5_dimension:384": 0.0013339519500732422,
    "index:hnsw_corpus-size:50000_k:500_n-queries:5_dimension:384": 0.0017130374908447266,
    "index:hnsw_corpus-size:50000_k:1000_n-queries:5_dimension:384": 0.0021140575408935547,
    "index:ivf_corpus-size:50000_k:1_n-queries:5_dimension:384": 0.003259897232055664,
    "index:ivf_corpus-size:50000_k:50_n-queries:5_dimension:384": 0.0015370845794677734,
    "index:ivf_corpus-size:50000_k:100_n-queries:5_dimension:384": 0.0015380382537841797,
    "index:ivf_corpus-size:50000_k:200_n-queries:5_dimension:384": 0.0015668869018554688,
    "index:ivf_corpus-size:50000_k:500_n-queries:5_dimension:384": 0.001851797103881836,
    "index:ivf_corpus-size:50000_k:1000_n-queries:5_dimension:384": 0.002290964126586914,
    "index:lsh_corpus-size:50000_k:1_n-queries:5_dimension:384": 0.0008330345153808594,
    "index:lsh_corpus-size:50000_k:50_n-queries:5_dimension:384": 0.00028014183044433594,
    "index:lsh_corpus-size:50000_k:100_n-queries:5_dimension:384": 0.0003371238708496094,
    "index:lsh_corpus-size:50000_k:200_n-queries:5_dimension:384": 0.0004627704620361328,
    "index:lsh_corpus-size:50000_k:500_n-queries:5_dimension:384": 0.0008599758148193359,
    "index:lsh_corpus-size:50000_k:1000_n-queries:5_dimension:384": 0.001481771469116211,
    "index:pq_corpus-size:50000_k:1_n-queries:5_dimension:384": 0.0007038116455078125,
    "index:pq_corpus-size:50000_k:50_n-queries:5_dimension:384": 0.0006797313690185547,
    "index:pq_corpus-size:50000_k:100_n-queries:5_dimension:384": 0.0007617473602294922,
    "index:pq_corpus-size:50000_k:200_n-queries:5_dimension:384": 0.0009391307830810547,
    "index:pq_corpus-size:50000_k:500_n-queries:5_dimension:384": 0.0014619827270507812,
    "index:pq_corpus-size:50000_k:1000_n-queries:5_dimension:384": 0.0022110939025878906
}