{
    "index:brute-force_corpus-size:1000_k:1_n-queries:5": 0.004064083099365234,
    "index:brute-force_corpus-size:1000_k:50_n-queries:5": 0.0004029273986816406,
    "index:brute-force_corpus-size:1000_k:100_n-queries:5": 0.0006680488586425781,
    "index:brute-force_corpus-size:1000_k:200_n-queries:5": 0.0003178119659423828,
    "index:brute-force_corpus-size:1000_k:500_n-queries:5": 0.00037598609924316406,
    "index:brute-force_corpus-size:1000_k:1000_n-queries:5": 0.0004680156707763672,
    "index:brute-force_corpus-size:5000_k:1_n-queries:5": 0.0009000301361083984,
    "index:brute-force_corpus-size:5000_k:50_n-queries:5": 0.0008640289306640625,
    "index:brute-force_corpus-size:5000_k:100_n-queries:5": 0.0009472370147705078,
    "index:brute-force_corpus-size:5000_k:200_n-queries:5": 0.0010628700256347656,
    "index:brute-force_corpus-size:5000_k:500_n-queries:5": 0.0013210773468017578,
    "index:brute-force_corpus-size:5000_k:1000_n-queries:5": 0.0016579627990722656,
    "index:brute-force_corpus-size:10000_k:1_n-queries:5": 0.002070903778076172,
    "index:brute-force_corpus-size:10000_k:50_n-queries:5": 0.0018486976623535156,
    "index:brute-force_corpus-size:10000_k:100_n-queries:5": 0.0018398761749267578,
    "index:brute-force_corpus-size:10000_k:200_n-queries:5": 0.0019659996032714844,
    "index:brute-force_corpus-size:10000_k:500_n-queries:5": 0.0023238658905029297,
    "index:brute-force_corpus-size:10000_k:1000_n-queries:5": 0.002692699432373047,
    "index:brute-force_corpus-size:30000_k:1_n-queries:5": 0.0047969818115234375,
    "index:brute-force_corpus-size:30000_k:50_n-queries:5": 0.0052721500396728516,
    "index:brute-force_corpus-size:30000_k:100_n-queries:5": 0.0060689449310302734,
    "index:brute-force_corpus-size:30000_k:200_n-queries:5": 0.005390167236328125,
    "index:brute-force_corpus-size:30000_k:500_n-queries:5": 0.006713151931762695,
    "index:brute-force_corpus-size:30000_k:1000_n-queries:5": 0.006767988204956055,
    "index:brute-force_corpus-size:50000_k:1_n-queries:5": 0.008308887481689453,
    "index:brute-force_corpus-size:50000_k:50_n-queries:5": 0.007893562316894531,
    "index:brute-force_corpus-size:50000_k:100_n-queries:5": 0.008234024047851562,
    "index:brute-force_corpus-size:50000_k:200_n-queries:5": 0.008315801620483398,
    "index:brute-force_corpus-size:50000_k:500_n-queries:5": 0.00885915756225586,
    "index:brute-force_corpus-size:50000_k:1000_n-queries:5": 0.009428024291992188,
    "index:hnsw_corpus-size:1000_k:1_n-queries:5": 0.0014400482177734375,
    "index:hnsw_corpus-size:1000_k:50_n-queries:5": 0.00032901763916015625,
    "index:hnsw_corpus-size:1000_k:100_n-queries:5": 0.00033783912658691406,
    "index:hnsw_corpus-size:1000_k:200_n-queries:5": 0.0004889965057373047,
    "index:hnsw_corpus-size:1000_k:500_n-queries:5": 0.0007443428039550781,
    "index:hnsw_corpus-size:1000_k:1000_n-queries:5": 0.0008807182312011719,
    "index:hnsw_corpus-size:5000_k:1_n-queries:5": 0.0006089210510253906,
    "index:hnsw_corpus-size:5000_k:50_n-queries:5": 0.0005140304565429688,
    "index:hnsw_corpus-size:5000_k:100_n-queries:5": 0.0005331039428710938,
    "index:hnsw_corpus-size:5000_k:200_n-queries:5": 0.0007138252258300781,
    "index:hnsw_corpus-size:5000_k:500_n-queries:5": 0.0010750293731689453,
    "index:hnsw_corpus-size:5000_k:1000_n-queries:5": 0.0014913082122802734,
    "index:hnsw_corpus-size:10000_k:1_n-queries:5": 0.0008702278137207031,
    "index:hnsw_corpus-size:10000_k:50_n-queries:5": 0.0006358623504638672,
    "index:hnsw_corpus-size:10000_k:100_n-queries:5": 0.0006220340728759766,
    "index:hnsw_corpus-size:10000_k:200_n-queries:5": 0.0008351802825927734,
    "index:hnsw_corpus-size:10000_k:500_n-queries:5": 0.0012028217315673828,
    "index:hnsw_corpus-size:10000_k:1000_n-queries:5": 0.0016210079193115234,
    "index:hnsw_corpus-size:30000_k:1_n-queries:5": 0.001352071762084961,
    "index:hnsw_corpus-size:30000_k:50_n-queries:5": 0.0013949871063232422,
    "index:hnsw_corpus-size:30000_k:100_n-queries:5": 0.0013880729675292969,
    "index:hnsw_corpus-size:30000_k:200_n-queries:5": 0.0014619827270507812,
    "index:hnsw_corpus-size:30000_k:500_n-queries:5": 0.0016300678253173828,
    "index:hnsw_corpus-size:30000_k:1000_n-queries:5": 0.0020589828491210938,
    "index:hnsw_corpus-size:50000_k:1_n-queries:5": 0.0018889904022216797,
    "index:hnsw_corpus-size:50000_k:50_n-queries:5": 0.0014379024505615234,
    "index:hnsw_corpus-size:50000_k:100_n-queries:5": 0.0016200542449951172,
    "index:hnsw_corpus-size:50000_k:200_n-queries:5": 0.0017631053924560547,
    "index:hnsw_corpus-size:50000_k:500_n-queries:5": 0.0021169185638427734,
    "index:hnsw_corpus-size:50000_k:1000_n-queries:5": 0.002801179885864258,
    "index:ivf_corpus-size:1000_k:1_n-queries:5": 0.0005667209625244141,
    "index:ivf_corpus-size:1000_k:50_n-queries:5": 0.0001232624053955078,
    "index:ivf_corpus-size:1000_k:100_n-queries:5": 0.00013518333435058594,
    "index:ivf_corpus-size:1000_k:200_n-queries:5": 0.00015687942504882812,
    "index:ivf_corpus-size:1000_k:500_n-queries:5": 0.0002200603485107422,
    "index:ivf_corpus-size:1000_k:1000_n-queries:5": 0.0002970695495605469,
    "index:ivf_corpus-size:5000_k:1_n-queries:5": 0.00026226043701171875,
    "index:ivf_corpus-size:5000_k:50_n-queries:5": 0.0002732276916503906,
    "index:ivf_corpus-size:5000_k:100_n-queries:5": 0.0003058910369873047,
    "index:ivf_corpus-size:5000_k:200_n-queries:5": 0.0003688335418701172,
    "index:ivf_corpus-size:5000_k:500_n-queries:5": 0.0004982948303222656,
    "index:ivf_corpus-size:5000_k:1000_n-queries:5": 0.0006482601165771484,
    "index:ivf_corpus-size:10000_k:1_n-queries:5": 0.0006570816040039062,
    "index:ivf_corpus-size:10000_k:50_n-queries:5": 0.00045609474182128906,
    "index:ivf_corpus-size:10000_k:100_n-queries:5": 0.0004878044128417969,
    "index:ivf_corpus-size:10000_k:200_n-queries:5": 0.0005719661712646484,
    "index:ivf_corpus-size:10000_k:500_n-queries:5": 0.0007600784301757812,
    "index:ivf_corpus-size:10000_k:1000_n-queries:5": 0.0009450912475585938,
    "index:ivf_corpus-size:30000_k:1_n-queries:5": 0.001232147216796875,
    "index:ivf_corpus-size:30000_k:50_n-queries:5": 0.0008780956268310547,
    "index:ivf_corpus-size:30000_k:100_n-queries:5": 0.0009138584136962891,
    "index:ivf_corpus-size:30000_k:200_n-queries:5": 0.0010030269622802734,
    "index:ivf_corpus-size:30000_k:500_n-queries:5": 0.0012199878692626953,
    "index:ivf_corpus-size:30000_k:1000_n-queries:5": 0.001577138900756836,
    "index:ivf_corpus-size:50000_k:1_n-queries:5": 0.0033309459686279297,
    "index:ivf_corpus-size:50000_k:50_n-queries:5": 0.001837015151977539,
    "index:ivf_corpus-size:50000_k:100_n-queries:5": 0.001840829849243164,
    "index:ivf_corpus-size:50000_k:200_n-queries:5": 0.001825094223022461,
    "index:ivf_corpus-size:50000_k:500_n-queries:5": 0.002029895782470703,
    "index:ivf_corpus-size:50000_k:1000_n-queries:5": 0.0023691654205322266,
    "index:lsh_corpus-size:1000_k:1_n-queries:5": 0.000804901123046875,
    "index:lsh_corpus-size:1000_k:50_n-queries:5": 5.984306335449219e-05,
    "index:lsh_corpus-size:1000_k:100_n-queries:5": 8.702278137207031e-05,
    "index:lsh_corpus-size:1000_k:200_n-queries:5": 0.0001399517059326172,
    "index:lsh_corpus-size:1000_k:500_n-queries:5": 0.0002617835998535156,
    "index:lsh_corpus-size:1000_k:1000_n-queries:5": 0.00040793418884277344,
    "index:lsh_corpus-size:5000_k:1_n-queries:5": 5.412101745605469e-05,
    "index:lsh_corpus-size:5000_k:50_n-queries:5": 8.511543273925781e-05,
    "index:lsh_corpus-size:5000_k:100_n-queries:5": 0.00013113021850585938,
    "index:lsh_corpus-size:5000_k:200_n-queries:5": 0.00021982192993164062,
    "index:lsh_corpus-size:5000_k:500_n-queries:5": 0.0004799365997314453,
    "index:lsh_corpus-size:5000_k:1000_n-queries:5": 0.0009760856628417969,